id,text,category,priority
1,I can't log into WiFi from my tablet. It returns ERR-9999.,Hardware Issue,critical
2,Database keeps crashing on my printer. Code ERR-9999.,Hardware Issue,high
3,Outlook fails to load on my laptop showing ERR42.,Hardware Issue,high
4,"I am unable to access Zoom on my desktop, it shows error ERR42.",Account/Access Issue,high
5,"I am unable to access CRM Portal on my laptop, it shows error 0x80070005.",Service Request,high
6,"I am unable to access Active Directory on my tablet, it shows error ERR-9999.",Network Problem,low
7,Teams fails to load on my server showing AUTH-007.,Service Request,medium
8,Active Directory keeps crashing on my server. Code 0xC004F012.,Hardware Issue,high
9,Salesforce fails to load on my desktop showing 0xC004F012.,Security,high
10,There is a problem with Email on the server. Error: TIMEOUT-22.,Software Bug,critical
11,Salesforce keeps crashing on my printer. Code ERR42.,Service Request,high
12,My laptop stopped working when I tried to use VPN. Error displayed: 0x80070005.,Hardware Issue,high
13,I can't log into Teams from my tablet. It returns TIMEOUT-22.,Other,critical
14,My desktop stopped working when I tried to use Outlook. Error displayed: 0xC004F012.,Hardware Issue,high
15,Teams fails to load on my laptop showing NET-503.,Security,critical
16,My desktop stopped working when I tried to use Teams. Error displayed: 0x80070005.,Hardware Issue,high
17,My printer stopped working when I tried to use Email. Error displayed: NET-503.,Hardware Issue,critical
18,"I am unable to access Email on my mobile, it shows error 0xC004F012.",Hardware Issue,high
19,There is a problem with CRM Portal on the printer. Error: AUTH-007.,Hardware Issue,medium
20,Outlook keeps crashing on my laptop. Code NET-503.,Other,critical
21,My laptop stopped working when I tried to use CRM Portal. Error displayed: 0xC004F012.,Service Request,high
22,Zoom keeps crashing on my laptop. Code FAIL-101.,Software Bug,high
23,My printer stopped working when I tried to use Outlook. Error displayed: ERR-9999.,Security,medium
24,My printer stopped working when I tried to use WiFi. Error displayed: FAIL-101.,Software Bug,high
25,My server stopped working when I tried to use Salesforce. Error displayed: AUTH-007.,Network Problem,medium
26,Outlook keeps crashing on my router. Code ERR42.,Security,medium
27,Zoom fails to load on my server showing TIMEOUT-22.,Network Problem,critical
28,"I am unable to access CRM Portal on my printer, it shows error FAIL-101.",Other,high
29,There is a problem with Outlook on the tablet. Error: ERR-9999.,Security,critical
30,There is a problem with Salesforce on the desktop. Error: FAIL-101.,Security,high
31,My router stopped working when I tried to use Outlook. Error displayed: AUTH-007.,Security,medium
32,There is a problem with WiFi on the printer. Error: TIMEOUT-22.,Hardware Issue,critical
33,I can't log into Zoom from my laptop. It returns 0xC004F012.,Other,high
34,I can't log into Email from my router. It returns AUTH-007.,Software Bug,medium
35,WiFi keeps crashing on my server. Code TIMEOUT-22.,Security,critical
36,Email fails to load on my router showing AUTH-007.,Account/Access Issue,medium
37,Outlook keeps crashing on my printer. Code 0x80070005.,Other,high
38,I can't log into WiFi from my desktop. It returns AUTH-007.,Other,medium
39,"I am unable to access Active Directory on my printer, it shows error FAIL-101.",Account/Access Issue,high
40,Email keeps crashing on my printer. Code NET-503.,Service Request,critical
41,There is a problem with Email on the desktop. Error: 0xC004F012.,Service Request,high
42,I can't log into Salesforce from my mobile. It returns ERR-9999.,Hardware Issue,high
43,My tablet stopped working when I tried to use Active Directory. Error displayed: ERR42.,Network Problem,critical
44,"I am unable to access Outlook on my server, it shows error AUTH-007.",Service Request,medium
45,My printer stopped working when I tried to use Teams. Error displayed: FAIL-101.,Account/Access Issue,high
46,I can't log into WiFi from my laptop. It returns AUTH-007.,Security,medium
47,"I am unable to access Active Directory on my laptop, it shows error NET-503.",Hardware Issue,critical
48,WiFi fails to load on my mobile showing 0xC004F012.,Network Problem,high
49,"I am unable to access Teams on my desktop, it shows error FAIL-101.",Security,high
50,"I am unable to access Email on my printer, it shows error FAIL-101.",Network Problem,high
51,My printer stopped working when I tried to use VPN. Error displayed: 0x80070005.,Hardware Issue,high
52,My desktop stopped working when I tried to use Active Directory. Error displayed: 0x80070005.,Hardware Issue,high
53,There is a problem with CRM Portal on the server. Error: 0xC004F012.,Other,high
54,My desktop stopped working when I tried to use VPN. Error displayed: ERR-9999.,Account/Access Issue,critical
55,"I am unable to access Teams on my tablet, it shows error 0xC004F012.",Network Problem,high
56,Active Directory fails to load on my laptop showing ERR-9999.,Network Problem,high
57,My printer stopped working when I tried to use Zoom. Error displayed: AUTH-007.,Service Request,medium
58,VPN keeps crashing on my printer. Code ERR42.,Account/Access Issue,high
59,I can't log into Outlook from my printer. It returns ERR42.,Software Bug,high
60,"I am unable to access Outlook on my mobile, it shows error ERR-9999.",Network Problem,critical
61,"I am unable to access Zoom on my router, it shows error AUTH-007.",Network Problem,medium
62,I can't log into Database from my laptop. It returns ERR-9999.,Other,critical
63,My tablet stopped working when I tried to use Teams. Error displayed: 0xC004F012.,Security,high
64,Salesforce fails to load on my mobile showing FAIL-101.,Account/Access Issue,high
65,Teams keeps crashing on my server. Code AUTH-007.,Account/Access Issue,medium
66,There is a problem with Email on the mobile. Error: 0xC004F012.,Hardware Issue,high
67,I can't log into Outlook from my laptop. It returns ERR-9999.,Other,high
68,There is a problem with Zoom on the mobile. Error: NET-503.,Service Request,critical
69,"I am unable to access WiFi on my mobile, it shows error FAIL-101.",Other,high
70,VPN fails to load on my printer showing FAIL-101.,Hardware Issue,high
71,There is a problem with Salesforce on the printer. Error: AUTH-007.,Security,medium
72,There is a problem with Teams on the tablet. Error: NET-503.,Software Bug,critical
73,Email keeps crashing on my tablet. Code 0xC004F012.,Security,high
74,My tablet stopped working when I tried to use VPN. Error displayed: TIMEOUT-22.,Service Request,critical
75,Database fails to load on my desktop showing AUTH-007.,Other,medium
76,VPN keeps crashing on my printer. Code ERR42.,Network Problem,medium
77,There is a problem with Outlook on the mobile. Error: NET-503.,Service Request,critical
78,There is a problem with Zoom on the router. Error: FAIL-101.,Network Problem,high
79,I can't log into Salesforce from my router. It returns 0xC004F012.,Service Request,high
80,"I am unable to access Database on my desktop, it shows error NET-503.",Hardware Issue,critical
81,There is a problem with Active Directory on the laptop. Error: FAIL-101.,Account/Access Issue,high
82,Outlook keeps crashing on my router. Code AUTH-007.,Hardware Issue,medium
83,My tablet stopped working when I tried to use Teams. Error displayed: ERR42.,Network Problem,low
84,"I am unable to access Zoom on my server, it shows error TIMEOUT-22.",Software Bug,critical
85,I can't log into WiFi from my router. It returns 0x80070005.,Software Bug,high
86,"I am unable to access Email on my desktop, it shows error TIMEOUT-22.",Account/Access Issue,critical
87,There is a problem with CRM Portal on the tablet. Error: ERR-9999.,Security,critical
88,I can't log into VPN from my server. It returns FAIL-101.,Security,high
89,Salesforce fails to load on my desktop showing 0x80070005.,Hardware Issue,high
90,CRM Portal fails to load on my desktop showing NET-503.,Other,critical
91,There is a problem with Salesforce on the router. Error: 0x80070005.,Software Bug,high
92,I can't log into Active Directory from my desktop. It returns NET-503.,Security,critical
93,"I am unable to access Email on my laptop, it shows error TIMEOUT-22.",Security,critical
94,Zoom keeps crashing on my server. Code TIMEOUT-22.,Account/Access Issue,critical
95,I can't log into Salesforce from my router. It returns TIMEOUT-22.,Software Bug,critical
96,WiFi fails to load on my router showing TIMEOUT-22.,Software Bug,critical
97,"I am unable to access Zoom on my desktop, it shows error ERR-9999.",Hardware Issue,low
98,My tablet stopped working when I tried to use Database. Error displayed: 0x80070005.,Other,high
99,My laptop stopped working when I tried to use Email. Error displayed: 0x80070005.,Hardware Issue,high
100,CRM Portal keeps crashing on my printer. Code ERR42.,Hardware Issue,critical
101,"I am unable to access WiFi on my mobile, it shows error ERR-9999.",Other,medium
102,I can't log into Salesforce from my desktop. It returns 0x80070005.,Service Request,high
103,My mobile stopped working when I tried to use CRM Portal. Error displayed: ERR42.,Other,critical
104,"I am unable to access Salesforce on my server, it shows error ERR-9999.",Network Problem,low
105,There is a problem with Active Directory on the printer. Error: ERR-9999.,Network Problem,high
106,Outlook fails to load on my printer showing FAIL-101.,Service Request,high
107,I can't log into Email from my router. It returns AUTH-007.,Network Problem,medium
108,There is a problem with Teams on the printer. Error: NET-503.,Account/Access Issue,critical
109,CRM Portal keeps crashing on my router. Code 0xC004F012.,Network Problem,high
110,Zoom fails to load on my desktop showing FAIL-101.,Account/Access Issue,high
111,My desktop stopped working when I tried to use Active Directory. Error displayed: ERR42.,Network Problem,medium
112,I can't log into Database from my router. It returns FAIL-101.,Service Request,high
113,I can't log into Database from my router. It returns 0xC004F012.,Software Bug,high
114,My router stopped working when I tried to use Teams. Error displayed: AUTH-007.,Hardware Issue,medium
115,I can't log into Zoom from my server. It returns 0x80070005.,Account/Access Issue,high
116,Teams keeps crashing on my desktop. Code ERR42.,Other,critical
117,Teams keeps crashing on my laptop. Code ERR-9999.,Account/Access Issue,medium
118,Teams keeps crashing on my tablet. Code ERR-9999.,Hardware Issue,low
119,VPN fails to load on my desktop showing NET-503.,Software Bug,critical
120,My laptop stopped working when I tried to use CRM Portal. Error displayed: 0xC004F012.,Network Problem,high
121,My desktop stopped working when I tried to use VPN. Error displayed: 0x80070005.,Security,high
122,There is a problem with Email on the server. Error: NET-503.,Network Problem,critical
123,"I am unable to access Salesforce on my mobile, it shows error AUTH-007.",Security,medium
124,My router stopped working when I tried to use Teams. Error displayed: TIMEOUT-22.,Security,critical
125,Teams keeps crashing on my router. Code 0xC004F012.,Hardware Issue,high
126,My laptop stopped working when I tried to use Outlook. Error displayed: 0xC004F012.,Service Request,high
127,"I am unable to access WiFi on my printer, it shows error AUTH-007.",Service Request,medium
128,Outlook keeps crashing on my mobile. Code TIMEOUT-22.,Account/Access Issue,critical
129,I can't log into Salesforce from my printer. It returns TIMEOUT-22.,Software Bug,critical
130,I can't log into Email from my printer. It returns 0x80070005.,Security,high
131,There is a problem with Outlook on the desktop. Error: 0x80070005.,Account/Access Issue,high
132,Outlook fails to load on my router showing 0xC004F012.,Security,high
133,WiFi keeps crashing on my server. Code NET-503.,Security,critical
134,My desktop stopped working when I tried to use Outlook. Error displayed: ERR-9999.,Service Request,medium
135,"I am unable to access Active Directory on my tablet, it shows error NET-503.",Service Request,critical
136,There is a problem with Email on the server. Error: NET-503.,Software Bug,critical
137,WiFi fails to load on my printer showing FAIL-101.,Service Request,high
138,I can't log into Teams from my desktop. It returns AUTH-007.,Hardware Issue,medium
139,"I am unable to access VPN on my laptop, it shows error 0x80070005.",Hardware Issue,high
140,"I am unable to access Email on my tablet, it shows error ERR42.",Service Request,critical
141,My desktop stopped working when I tried to use Email. Error displayed: 0x80070005.,Security,high
142,I can't log into Outlook from my printer. It returns 0x80070005.,Hardware Issue,high
143,Outlook fails to load on my mobile showing NET-503.,Security,critical
144,I can't log into Database from my laptop. It returns 0xC004F012.,Software Bug,high
145,My printer stopped working when I tried to use Database. Error displayed: TIMEOUT-22.,Software Bug,critical
146,I can't log into Salesforce from my desktop. It returns 0x80070005.,Hardware Issue,high
147,Teams keeps crashing on my printer. Code FAIL-101.,Software Bug,high
148,Teams keeps crashing on my desktop. Code 0xC004F012.,Account/Access Issue,high
149,My mobile stopped working when I tried to use Email. Error displayed: ERR42.,Security,critical
150,There is a problem with Teams on the tablet. Error: 0x80070005.,Service Request,high
151,My router stopped working when I tried to use CRM Portal. Error displayed: AUTH-007.,Account/Access Issue,medium
152,There is a problem with Outlook on the laptop. Error: TIMEOUT-22.,Hardware Issue,critical
153,CRM Portal keeps crashing on my server. Code TIMEOUT-22.,Security,critical
154,There is a problem with Outlook on the desktop. Error: 0x80070005.,Service Request,high
155,"I am unable to access Active Directory on my desktop, it shows error AUTH-007.",Account/Access Issue,medium
156,CRM Portal keeps crashing on my printer. Code ERR42.,Account/Access Issue,high
157,Email fails to load on my desktop showing ERR-9999.,Security,low
158,There is a problem with Database on the printer. Error: TIMEOUT-22.,Account/Access Issue,critical
159,"I am unable to access Outlook on my router, it shows error ERR-9999.",Network Problem,high
160,I can't log into Database from my tablet. It returns TIMEOUT-22.,Software Bug,critical
161,Database keeps crashing on my printer. Code 0x80070005.,Hardware Issue,high
162,"I am unable to access WiFi on my router, it shows error TIMEOUT-22.",Hardware Issue,critical
163,My mobile stopped working when I tried to use Outlook. Error displayed: ERR42.,Software Bug,medium
164,There is a problem with Teams on the server. Error: AUTH-007.,Security,medium
165,My desktop stopped working when I tried to use Zoom. Error displayed: 0xC004F012.,Other,high
166,"I am unable to access CRM Portal on my tablet, it shows error ERR42.",Other,critical
167,I can't log into Outlook from my server. It returns AUTH-007.,Account/Access Issue,medium
168,I can't log into Teams from my router. It returns 0xC004F012.,Security,high
169,There is a problem with Salesforce on the desktop. Error: ERR42.,Security,medium
170,I can't log into Active Directory from my printer. It returns TIMEOUT-22.,Network Problem,critical
171,There is a problem with Database on the desktop. Error: 0xC004F012.,Account/Access Issue,high
172,There is a problem with Active Directory on the tablet. Error: FAIL-101.,Service Request,high
173,My mobile stopped working when I tried to use Zoom. Error displayed: 0xC004F012.,Account/Access Issue,high
174,I can't log into Email from my tablet. It returns FAIL-101.,Network Problem,high
175,There is a problem with Outlook on the laptop. Error: TIMEOUT-22.,Service Request,critical
176,There is a problem with Zoom on the printer. Error: 0x80070005.,Account/Access Issue,high
177,I can't log into Teams from my router. It returns ERR42.,Hardware Issue,low
178,WiFi keeps crashing on my desktop. Code TIMEOUT-22.,Account/Access Issue,critical
179,There is a problem with Active Directory on the printer. Error: NET-503.,Network Problem,critical
180,VPN fails to load on my mobile showing 0xC004F012.,Security,high
181,"I am unable to access Database on my tablet, it shows error 0x80070005.",Network Problem,high
182,"I am unable to access WiFi on my router, it shows error AUTH-007.",Hardware Issue,medium
183,I can't log into VPN from my tablet. It returns AUTH-007.,Other,medium
184,There is a problem with Email on the printer. Error: AUTH-007.,Network Problem,medium
185,Email keeps crashing on my desktop. Code 0xC004F012.,Other,high
186,Teams keeps crashing on my router. Code 0xC004F012.,Hardware Issue,high
187,"I am unable to access CRM Portal on my server, it shows error AUTH-007.",Account/Access Issue,medium
188,CRM Portal keeps crashing on my mobile. Code AUTH-007.,Hardware Issue,medium
189,Active Directory fails to load on my laptop showing TIMEOUT-22.,Security,critical
190,"I am unable to access Active Directory on my desktop, it shows error 0x80070005.",Other,high
191,I can't log into Salesforce from my printer. It returns NET-503.,Hardware Issue,critical
192,Email fails to load on my desktop showing TIMEOUT-22.,Software Bug,critical
193,"I am unable to access Teams on my printer, it shows error ERR-9999.",Network Problem,critical
194,"I am unable to access CRM Portal on my router, it shows error FAIL-101.",Hardware Issue,high
195,"I am unable to access WiFi on my printer, it shows error 0x80070005.",Security,high
196,WiFi keeps crashing on my server. Code ERR-9999.,Software Bug,medium
197,Zoom keeps crashing on my mobile. Code 0x80070005.,Service Request,high
198,There is a problem with WiFi on the desktop. Error: 0x80070005.,Hardware Issue,high
199,I can't log into Outlook from my tablet. It returns AUTH-007.,Software Bug,medium
200,I can't log into Database from my mobile. It returns TIMEOUT-22.,Hardware Issue,critical
201,Email keeps crashing on my printer. Code ERR-9999.,Service Request,critical
202,My printer stopped working when I tried to use CRM Portal. Error displayed: 0xC004F012.,Service Request,high
203,My laptop stopped working when I tried to use VPN. Error displayed: AUTH-007.,Security,medium
204,Outlook keeps crashing on my tablet. Code ERR-9999.,Account/Access Issue,high
205,I can't log into CRM Portal from my printer. It returns 0xC004F012.,Network Problem,high
206,My tablet stopped working when I tried to use Outlook. Error displayed: ERR42.,Hardware Issue,low
207,Active Directory keeps crashing on my router. Code FAIL-101.,Hardware Issue,high
208,CRM Portal keeps crashing on my server. Code 0xC004F012.,Service Request,high
209,Database fails to load on my printer showing NET-503.,Software Bug,critical
210,VPN keeps crashing on my desktop. Code 0x80070005.,Software Bug,high
211,Database fails to load on my desktop showing ERR42.,Account/Access Issue,high
212,"I am unable to access Email on my desktop, it shows error 0xC004F012.",Service Request,high
213,"I am unable to access Active Directory on my mobile, it shows error AUTH-007.",Account/Access Issue,medium
214,My desktop stopped working when I tried to use CRM Portal. Error displayed: TIMEOUT-22.,Service Request,critical
215,CRM Portal keeps crashing on my laptop. Code FAIL-101.,Security,high
216,"I am unable to access CRM Portal on my router, it shows error NET-503.",Network Problem,critical
217,WiFi fails to load on my server showing NET-503.,Account/Access Issue,critical
218,Email fails to load on my desktop showing 0x80070005.,Hardware Issue,high
219,There is a problem with Email on the server. Error: TIMEOUT-22.,Account/Access Issue,critical
220,"I am unable to access WiFi on my router, it shows error NET-503.",Software Bug,critical
221,"I am unable to access Database on my server, it shows error AUTH-007.",Network Problem,medium
222,"I am unable to access Teams on my laptop, it shows error AUTH-007.",Account/Access Issue,medium
223,My router stopped working when I tried to use Database. Error displayed: 0xC004F012.,Network Problem,high
224,I can't log into VPN from my server. It returns 0x80070005.,Network Problem,high
225,Zoom fails to load on my tablet showing TIMEOUT-22.,Service Request,critical
226,"I am unable to access Active Directory on my mobile, it shows error FAIL-101.",Hardware Issue,high
227,My desktop stopped working when I tried to use Active Directory. Error displayed: ERR42.,Software Bug,high
228,Salesforce fails to load on my printer showing NET-503.,Hardware Issue,critical
229,VPN fails to load on my router showing 0x80070005.,Service Request,high
230,My tablet stopped working when I tried to use Active Directory. Error displayed: FAIL-101.,Service Request,high
231,I can't log into CRM Portal from my server. It returns TIMEOUT-22.,Software Bug,critical
232,There is a problem with VPN on the mobile. Error: 0x80070005.,Other,high
233,My router stopped working when I tried to use WiFi. Error displayed: NET-503.,Hardware Issue,critical
234,There is a problem with Teams on the router. Error: ERR-9999.,Hardware Issue,medium
235,My desktop stopped working when I tried to use Email. Error displayed: FAIL-101.,Other,high
236,WiFi fails to load on my router showing 0x80070005.,Account/Access Issue,high
237,I can't log into Active Directory from my server. It returns 0xC004F012.,Software Bug,high
238,There is a problem with Outlook on the desktop. Error: 0x80070005.,Security,high
239,"I am unable to access Zoom on my printer, it shows error ERR-9999.",Hardware Issue,medium
240,I can't log into VPN from my server. It returns 0x80070005.,Software Bug,high
241,There is a problem with Outlook on the laptop. Error: 0x80070005.,Account/Access Issue,high
242,"I am unable to access Email on my tablet, it shows error ERR-9999.",Security,low
243,My desktop stopped working when I tried to use Teams. Error displayed: ERR-9999.,Network Problem,critical
244,"I am unable to access Database on my router, it shows error ERR42.",Security,critical
245,Database fails to load on my router showing AUTH-007.,Service Request,medium
246,There is a problem with WiFi on the tablet. Error: AUTH-007.,Software Bug,medium
247,My router stopped working when I tried to use Zoom. Error displayed: AUTH-007.,Account/Access Issue,medium
248,My printer stopped working when I tried to use Database. Error displayed: AUTH-007.,Account/Access Issue,medium
249,"I am unable to access Active Directory on my laptop, it shows error ERR-9999.",Security,high
250,There is a problem with Database on the tablet. Error: TIMEOUT-22.,Network Problem,critical
251,Active Directory fails to load on my mobile showing NET-503.,Other,critical
252,"I am unable to access WiFi on my printer, it shows error 0xC004F012.",Service Request,high
253,My server stopped working when I tried to use VPN. Error displayed: 0x80070005.,Other,high
254,There is a problem with VPN on the laptop. Error: 0x80070005.,Software Bug,high
255,"I am unable to access Active Directory on my laptop, it shows error 0xC004F012.",Account/Access Issue,high
256,CRM Portal fails to load on my printer showing 0x80070005.,Security,high
257,I can't log into Outlook from my tablet. It returns ERR42.,Other,critical
258,I can't log into VPN from my desktop. It returns NET-503.,Account/Access Issue,critical
259,There is a problem with Active Directory on the printer. Error: 0xC004F012.,Hardware Issue,high
260,My laptop stopped working when I tried to use Active Directory. Error displayed: AUTH-007.,Hardware Issue,medium
261,My laptop stopped working when I tried to use Active Directory. Error displayed: ERR42.,Network Problem,critical
262,CRM Portal keeps crashing on my laptop. Code ERR-9999.,Hardware Issue,high
263,Database keeps crashing on my mobile. Code 0xC004F012.,Software Bug,high
264,I can't log into CRM Portal from my desktop. It returns ERR42.,Network Problem,high
265,VPN keeps crashing on my desktop. Code FAIL-101.,Other,high
266,Email keeps crashing on my printer. Code ERR-9999.,Network Problem,high
267,Teams fails to load on my tablet showing FAIL-101.,Software Bug,high
268,My desktop stopped working when I tried to use Salesforce. Error displayed: TIMEOUT-22.,Service Request,critical
269,CRM Portal fails to load on my tablet showing AUTH-007.,Software Bug,medium
270,My desktop stopped working when I tried to use Database. Error displayed: 0xC004F012.,Network Problem,high
271,Outlook fails to load on my router showing 0xC004F012.,Hardware Issue,high
272,"I am unable to access VPN on my server, it shows error 0x80070005.",Account/Access Issue,high
273,"I am unable to access Database on my laptop, it shows error AUTH-007.",Software Bug,medium
274,My printer stopped working when I tried to use Teams. Error displayed: ERR42.,Other,medium
275,I can't log into Email from my laptop. It returns 0xC004F012.,Software Bug,high
276,Zoom fails to load on my printer showing ERR-9999.,Security,critical
277,I can't log into CRM Portal from my printer. It returns TIMEOUT-22.,Network Problem,critical
278,Outlook fails to load on my desktop showing FAIL-101.,Account/Access Issue,high
279,WiFi fails to load on my router showing TIMEOUT-22.,Security,critical
280,My tablet stopped working when I tried to use Database. Error displayed: AUTH-007.,Hardware Issue,medium
281,"I am unable to access Zoom on my server, it shows error ERR-9999.",Account/Access Issue,low
282,Outlook keeps crashing on my server. Code FAIL-101.,Software Bug,high
283,Salesforce keeps crashing on my server. Code ERR42.,Other,high
284,My server stopped working when I tried to use WiFi. Error displayed: TIMEOUT-22.,Service Request,critical
285,My mobile stopped working when I tried to use Database. Error displayed: TIMEOUT-22.,Service Request,critical
286,There is a problem with Active Directory on the server. Error: FAIL-101.,Service Request,high
287,"I am unable to access Active Directory on my laptop, it shows error AUTH-007.",Other,medium
288,"I am unable to access Database on my printer, it shows error NET-503.",Security,critical
289,There is a problem with VPN on the desktop. Error: 0xC004F012.,Other,high
290,Salesforce fails to load on my desktop showing AUTH-007.,Other,medium
291,Outlook keeps crashing on my mobile. Code AUTH-007.,Software Bug,medium
292,I can't log into Email from my printer. It returns TIMEOUT-22.,Software Bug,critical
293,WiFi keeps crashing on my printer. Code AUTH-007.,Service Request,medium
294,I can't log into Teams from my laptop. It returns AUTH-007.,Hardware Issue,medium
295,My server stopped working when I tried to use CRM Portal. Error displayed: ERR-9999.,Other,high
296,"I am unable to access Active Directory on my printer, it shows error AUTH-007.",Service Request,medium
297,VPN keeps crashing on my tablet. Code NET-503.,Account/Access Issue,critical
298,Outlook keeps crashing on my mobile. Code ERR42.,Network Problem,high
299,There is a problem with Active Directory on the server. Error: 0x80070005.,Software Bug,high
300,Database keeps crashing on my laptop. Code NET-503.,Hardware Issue,critical
301,Outlook keeps crashing on my router. Code FAIL-101.,Service Request,high
302,VPN keeps crashing on my mobile. Code ERR-9999.,Service Request,medium
303,Salesforce keeps crashing on my router. Code NET-503.,Security,critical
304,I can't log into Teams from my server. It returns ERR-9999.,Service Request,critical
305,There is a problem with CRM Portal on the tablet. Error: 0x80070005.,Other,high
306,My tablet stopped working when I tried to use Outlook. Error displayed: NET-503.,Account/Access Issue,critical
307,"I am unable to access WiFi on my tablet, it shows error FAIL-101.",Hardware Issue,high
308,My tablet stopped working when I tried to use WiFi. Error displayed: ERR-9999.,Network Problem,high
309,I can't log into Database from my mobile. It returns TIMEOUT-22.,Security,critical
310,My laptop stopped working when I tried to use Email. Error displayed: 0x80070005.,Account/Access Issue,high
311,My router stopped working when I tried to use Teams. Error displayed: ERR42.,Hardware Issue,low
312,I can't log into WiFi from my desktop. It returns TIMEOUT-22.,Software Bug,critical
313,VPN keeps crashing on my mobile. Code FAIL-101.,Network Problem,high
314,"I am unable to access Email on my mobile, it shows error TIMEOUT-22.",Security,critical
315,VPN keeps crashing on my laptop. Code AUTH-007.,Account/Access Issue,medium
316,My tablet stopped working when I tried to use Active Directory. Error displayed: NET-503.,Account/Access Issue,critical
317,Teams keeps crashing on my server. Code NET-503.,Security,critical
318,Database keeps crashing on my printer. Code AUTH-007.,Security,medium
319,There is a problem with Email on the server. Error: 0x80070005.,Service Request,high
320,Database fails to load on my mobile showing ERR-9999.,Service Request,high
321,Email fails to load on my server showing NET-503.,Network Problem,critical
322,I can't log into Active Directory from my laptop. It returns 0x80070005.,Software Bug,high
323,CRM Portal keeps crashing on my laptop. Code ERR-9999.,Account/Access Issue,medium
324,My router stopped working when I tried to use Database. Error displayed: 0xC004F012.,Security,high
325,There is a problem with CRM Portal on the tablet. Error: FAIL-101.,Account/Access Issue,high
326,There is a problem with Zoom on the printer. Error: ERR42.,Hardware Issue,low
327,WiFi fails to load on my tablet showing 0xC004F012.,Service Request,high
328,I can't log into Zoom from my router. It returns 0x80070005.,Service Request,high
329,VPN fails to load on my mobile showing AUTH-007.,Security,medium
330,I can't log into Zoom from my tablet. It returns NET-503.,Software Bug,critical
331,I can't log into Database from my server. It returns ERR-9999.,Security,high
332,There is a problem with Database on the server. Error: ERR42.,Network Problem,medium
333,My laptop stopped working when I tried to use Teams. Error displayed: FAIL-101.,Other,high
334,"I am unable to access VPN on my mobile, it shows error FAIL-101.",Service Request,high
335,There is a problem with VPN on the server. Error: 0x80070005.,Network Problem,high
336,Database keeps crashing on my router. Code FAIL-101.,Hardware Issue,high
337,Email fails to load on my printer showing 0xC004F012.,Security,high
338,My tablet stopped working when I tried to use WiFi. Error displayed: TIMEOUT-22.,Service Request,critical
339,I can't log into Email from my laptop. It returns ERR-9999.,Account/Access Issue,low
340,Database fails to load on my router showing FAIL-101.,Network Problem,high
341,Salesforce fails to load on my server showing NET-503.,Account/Access Issue,critical
342,There is a problem with Email on the laptop. Error: 0x80070005.,Account/Access Issue,high
343,Teams fails to load on my router showing 0xC004F012.,Service Request,high
344,"I am unable to access Salesforce on my laptop, it shows error TIMEOUT-22.",Security,critical
345,I can't log into Zoom from my router. It returns AUTH-007.,Account/Access Issue,medium
346,Active Directory fails to load on my desktop showing FAIL-101.,Software Bug,high
347,CRM Portal keeps crashing on my printer. Code ERR42.,Account/Access Issue,high
348,CRM Portal keeps crashing on my laptop. Code ERR-9999.,Other,high
349,I can't log into VPN from my printer. It returns ERR42.,Security,low
350,Outlook keeps crashing on my mobile. Code ERR-9999.,Service Request,medium
351,WiFi fails to load on my laptop showing ERR42.,Service Request,low
352,There is a problem with Salesforce on the tablet. Error: TIMEOUT-22.,Software Bug,critical
353,There is a problem with VPN on the server. Error: ERR42.,Security,medium
354,My printer stopped working when I tried to use Active Directory. Error displayed: ERR-9999.,Other,critical
355,There is a problem with Outlook on the server. Error: ERR-9999.,Account/Access Issue,critical
356,I can't log into Teams from my router. It returns TIMEOUT-22.,Other,critical
357,There is a problem with CRM Portal on the desktop. Error: 0xC004F012.,Service Request,high
358,I can't log into Teams from my printer. It returns ERR42.,Account/Access Issue,low
359,There is a problem with Zoom on the tablet. Error: NET-503.,Account/Access Issue,critical
360,My printer stopped working when I tried to use Outlook. Error displayed: 0x80070005.,Other,high
361,"I am unable to access Email on my desktop, it shows error 0x80070005.",Service Request,high
362,CRM Portal keeps crashing on my printer. Code FAIL-101.,Software Bug,high
363,I can't log into Outlook from my router. It returns NET-503.,Hardware Issue,critical
364,"I am unable to access Zoom on my mobile, it shows error FAIL-101.",Security,high
365,My server stopped working when I tried to use CRM Portal. Error displayed: NET-503.,Network Problem,critical
366,Email keeps crashing on my laptop. Code ERR-9999.,Account/Access Issue,low
367,My mobile stopped working when I tried to use Zoom. Error displayed: ERR42.,Hardware Issue,medium
368,There is a problem with CRM Portal on the mobile. Error: TIMEOUT-22.,Security,critical
369,My router stopped working when I tried to use Database. Error displayed: TIMEOUT-22.,Account/Access Issue,critical
370,I can't log into Salesforce from my laptop. It returns ERR-9999.,Software Bug,low
371,There is a problem with Email on the laptop. Error: 0x80070005.,Service Request,high
372,Salesforce fails to load on my printer showing NET-503.,Hardware Issue,critical
373,VPN fails to load on my server showing 0x80070005.,Service Request,high
374,My printer stopped working when I tried to use Zoom. Error displayed: 0xC004F012.,Hardware Issue,high
375,My mobile stopped working when I tried to use Zoom. Error displayed: 0xC004F012.,Service Request,high
376,There is a problem with Teams on the printer. Error: 0x80070005.,Other,high
377,There is a problem with Salesforce on the desktop. Error: TIMEOUT-22.,Hardware Issue,critical
378,Database keeps crashing on my printer. Code ERR-9999.,Other,medium
379,WiFi fails to load on my laptop showing 0xC004F012.,Network Problem,high
380,"I am unable to access Teams on my tablet, it shows error FAIL-101.",Security,high
381,Outlook fails to load on my server showing AUTH-007.,Software Bug,medium
382,My laptop stopped working when I tried to use Outlook. Error displayed: NET-503.,Account/Access Issue,critical
383,There is a problem with WiFi on the server. Error: ERR42.,Security,high
384,"I am unable to access Active Directory on my printer, it shows error 0x80070005.",Network Problem,high
385,Database fails to load on my server showing AUTH-007.,Other,medium
386,I can't log into Active Directory from my server. It returns ERR-9999.,Account/Access Issue,medium
387,Database fails to load on my desktop showing AUTH-007.,Hardware Issue,medium
388,Salesforce keeps crashing on my laptop. Code TIMEOUT-22.,Service Request,critical
389,Teams fails to load on my server showing 0x80070005.,Hardware Issue,high
390,My desktop stopped working when I tried to use Outlook. Error displayed: ERR-9999.,Other,medium
391,My server stopped working when I tried to use Teams. Error displayed: ERR42.,Service Request,low
392,Active Directory keeps crashing on my desktop. Code 0xC004F012.,Software Bug,high
393,I can't log into Active Directory from my desktop. It returns 0xC004F012.,Service Request,high
394,I can't log into Salesforce from my router. It returns AUTH-007.,Network Problem,medium
395,Zoom fails to load on my tablet showing ERR-9999.,Account/Access Issue,low
396,I can't log into CRM Portal from my mobile. It returns ERR42.,Service Request,critical
397,"I am unable to access Outlook on my printer, it shows error ERR42.",Other,medium
398,There is a problem with Zoom on the tablet. Error: ERR42.,Account/Access Issue,critical
399,My router stopped working when I tried to use Zoom. Error displayed: NET-503.,Security,critical
400,Database fails to load on my server showing 0xC004F012.,Network Problem,high
401,CRM Portal keeps crashing on my mobile. Code NET-503.,Software Bug,critical
402,VPN keeps crashing on my printer. Code ERR-9999.,Security,low
403,CRM Portal keeps crashing on my laptop. Code 0xC004F012.,Service Request,high
404,My laptop stopped working when I tried to use Outlook. Error displayed: ERR42.,Service Request,high
405,CRM Portal keeps crashing on my tablet. Code AUTH-007.,Hardware Issue,medium
406,"I am unable to access Active Directory on my router, it shows error ERR-9999.",Other,high
407,"I am unable to access Email on my server, it shows error 0x80070005.",Software Bug,high
408,Outlook fails to load on my tablet showing 0xC004F012.,Service Request,high
409,There is a problem with Outlook on the server. Error: ERR42.,Other,low
410,My printer stopped working when I tried to use Salesforce. Error displayed: TIMEOUT-22.,Service Request,critical
411,I can't log into Database from my mobile. It returns ERR-9999.,Service Request,high
412,"I am unable to access Email on my printer, it shows error 0xC004F012.",Hardware Issue,high
413,My tablet stopped working when I tried to use Salesforce. Error displayed: AUTH-007.,Service Request,medium
414,I can't log into Email from my mobile. It returns ERR42.,Service Request,low
415,"I am unable to access Database on my router, it shows error FAIL-101.",Hardware Issue,high
416,Salesforce keeps crashing on my laptop. Code FAIL-101.,Account/Access Issue,high
417,My printer stopped working when I tried to use Database. Error displayed: NET-503.,Security,critical
418,There is a problem with Teams on the laptop. Error: TIMEOUT-22.,Other,critical
419,There is a problem with CRM Portal on the router. Error: FAIL-101.,Other,high
420,Outlook keeps crashing on my desktop. Code 0x80070005.,Security,high
421,Zoom fails to load on my printer showing AUTH-007.,Account/Access Issue,medium
422,"I am unable to access VPN on my mobile, it shows error ERR-9999.",Service Request,medium
423,CRM Portal keeps crashing on my printer. Code ERR42.,Security,medium
424,My server stopped working when I tried to use CRM Portal. Error displayed: 0xC004F012.,Network Problem,high
425,My laptop stopped working when I tried to use Teams. Error displayed: 0xC004F012.,Security,high
426,WiFi fails to load on my mobile showing ERR-9999.,Other,low
427,Teams keeps crashing on my router. Code AUTH-007.,Account/Access Issue,medium
428,Email fails to load on my server showing NET-503.,Hardware Issue,critical
429,CRM Portal fails to load on my router showing 0x80070005.,Account/Access Issue,high
430,I can't log into Outlook from my mobile. It returns TIMEOUT-22.,Software Bug,critical
431,Salesforce fails to load on my mobile showing FAIL-101.,Service Request,high
432,"I am unable to access WiFi on my desktop, it shows error ERR-9999.",Security,medium
433,Email keeps crashing on my printer. Code AUTH-007.,Account/Access Issue,medium
434,"I am unable to access Active Directory on my printer, it shows error ERR-9999.",Hardware Issue,high
435,My tablet stopped working when I tried to use WiFi. Error displayed: AUTH-007.,Hardware Issue,medium
436,My desktop stopped working when I tried to use WiFi. Error displayed: 0xC004F012.,Service Request,high
437,"I am unable to access WiFi on my mobile, it shows error 0xC004F012.",Security,high
438,My desktop stopped working when I tried to use Salesforce. Error displayed: ERR-9999.,Network Problem,low
439,Teams fails to load on my router showing FAIL-101.,Network Problem,high
440,I can't log into CRM Portal from my printer. It returns TIMEOUT-22.,Hardware Issue,critical
441,Email keeps crashing on my router. Code 0xC004F012.,Other,high
442,There is a problem with WiFi on the tablet. Error: TIMEOUT-22.,Software Bug,critical
443,My router stopped working when I tried to use CRM Portal. Error displayed: 0x80070005.,Software Bug,high
444,"I am unable to access Zoom on my printer, it shows error 0xC004F012.",Software Bug,high
445,My server stopped working when I tried to use Salesforce. Error displayed: FAIL-101.,Other,high
446,I can't log into Database from my printer. It returns 0x80070005.,Account/Access Issue,high
447,There is a problem with Zoom on the server. Error: NET-503.,Network Problem,critical
448,VPN keeps crashing on my tablet. Code AUTH-007.,Network Problem,medium
449,I can't log into Active Directory from my laptop. It returns ERR-9999.,Account/Access Issue,high
450,My mobile stopped working when I tried to use Outlook. Error displayed: 0xC004F012.,Service Request,high
451,Database keeps crashing on my mobile. Code 0xC004F012.,Service Request,high
452,I can't log into Outlook from my desktop. It returns 0x80070005.,Service Request,high
453,"I am unable to access Database on my desktop, it shows error NET-503.",Network Problem,critical
454,I can't log into Email from my router. It returns TIMEOUT-22.,Hardware Issue,critical
455,WiFi fails to load on my server showing ERR-9999.,Service Request,low
456,I can't log into Zoom from my mobile. It returns TIMEOUT-22.,Software Bug,critical
457,"I am unable to access Active Directory on my printer, it shows error ERR42.",Account/Access Issue,critical
458,Email fails to load on my mobile showing AUTH-007.,Network Problem,medium
459,My mobile stopped working when I tried to use Outlook. Error displayed: ERR42.,Service Request,low
460,There is a problem with Teams on the laptop. Error: 0x80070005.,Hardware Issue,high
461,WiFi fails to load on my desktop showing 0x80070005.,Service Request,high
462,I can't log into Active Directory from my laptop. It returns ERR42.,Hardware Issue,critical
463,I can't log into Email from my router. It returns FAIL-101.,Network Problem,high
464,Email fails to load on my mobile showing ERR42.,Account/Access Issue,critical
465,Database fails to load on my tablet showing 0x80070005.,Other,high
466,"I am unable to access Salesforce on my laptop, it shows error FAIL-101.",Service Request,high
467,"I am unable to access Teams on my desktop, it shows error FAIL-101.",Account/Access Issue,high
468,I can't log into Outlook from my desktop. It returns ERR-9999.,Software Bug,high
469,VPN fails to load on my router showing 0xC004F012.,Hardware Issue,high
470,Outlook fails to load on my tablet showing TIMEOUT-22.,Service Request,critical
471,"I am unable to access Zoom on my tablet, it shows error FAIL-101.",Other,high
472,I can't log into WiFi from my router. It returns NET-503.,Other,critical
473,Salesforce keeps crashing on my server. Code FAIL-101.,Security,high
474,Database keeps crashing on my desktop. Code TIMEOUT-22.,Security,critical
475,My printer stopped working when I tried to use WiFi. Error displayed: TIMEOUT-22.,Software Bug,critical
476,CRM Portal keeps crashing on my server. Code ERR42.,Account/Access Issue,critical
477,Active Directory fails to load on my tablet showing FAIL-101.,Service Request,high
478,"I am unable to access Database on my printer, it shows error AUTH-007.",Software Bug,medium
479,My desktop stopped working when I tried to use WiFi. Error displayed: AUTH-007.,Security,medium
480,Database fails to load on my laptop showing NET-503.,Service Request,critical
481,I can't log into Email from my tablet. It returns 0xC004F012.,Account/Access Issue,high
482,"I am unable to access VPN on my tablet, it shows error NET-503.",Security,critical
483,CRM Portal keeps crashing on my printer. Code FAIL-101.,Service Request,high
484,I can't log into Active Directory from my router. It returns NET-503.,Software Bug,critical
485,There is a problem with VPN on the laptop. Error: ERR42.,Hardware Issue,medium
486,WiFi fails to load on my laptop showing ERR42.,Service Request,critical
487,Salesforce keeps crashing on my mobile. Code 0xC004F012.,Security,high
488,Outlook keeps crashing on my printer. Code FAIL-101.,Account/Access Issue,high
489,"I am unable to access Database on my mobile, it shows error 0x80070005.",Security,high
490,"I am unable to access Email on my laptop, it shows error ERR-9999.",Software Bug,low
491,Email keeps crashing on my server. Code 0xC004F012.,Service Request,high
492,My printer stopped working when I tried to use Database. Error displayed: ERR-9999.,Account/Access Issue,medium
493,I can't log into Email from my router. It returns TIMEOUT-22.,Hardware Issue,critical
494,I can't log into Outlook from my server. It returns TIMEOUT-22.,Software Bug,critical
495,I can't log into VPN from my mobile. It returns ERR-9999.,Other,critical
496,I can't log into Teams from my laptop. It returns TIMEOUT-22.,Security,critical
497,Active Directory keeps crashing on my desktop. Code ERR42.,Service Request,low
498,VPN fails to load on my mobile showing FAIL-101.,Hardware Issue,high
499,CRM Portal fails to load on my mobile showing FAIL-101.,Security,high
500,My tablet stopped working when I tried to use Email. Error displayed: ERR42.,Account/Access Issue,critical
501,There is a problem with Teams on the server. Error: NET-503.,Security,critical
502,Outlook keeps crashing on my printer. Code ERR-9999.,Security,critical
503,My mobile stopped working when I tried to use Database. Error displayed: NET-503.,Network Problem,critical
504,Teams keeps crashing on my tablet. Code TIMEOUT-22.,Other,critical
505,Database fails to load on my laptop showing 0xC004F012.,Security,high
506,My printer stopped working when I tried to use Zoom. Error displayed: 0xC004F012.,Software Bug,high
507,"I am unable to access WiFi on my router, it shows error 0x80070005.",Software Bug,high
508,CRM Portal keeps crashing on my desktop. Code 0xC004F012.,Account/Access Issue,high
509,There is a problem with WiFi on the router. Error: AUTH-007.,Account/Access Issue,medium
510,My mobile stopped working when I tried to use CRM Portal. Error displayed: 0x80070005.,Security,high
511,"I am unable to access WiFi on my server, it shows error NET-503.",Other,critical
512,Email keeps crashing on my printer. Code ERR-9999.,Account/Access Issue,critical
513,"I am unable to access Zoom on my tablet, it shows error 0xC004F012.",Service Request,high
514,There is a problem with Zoom on the router. Error: NET-503.,Network Problem,critical
515,I can't log into Active Directory from my tablet. It returns TIMEOUT-22.,Other,critical
516,My router stopped working when I tried to use Outlook. Error displayed: 0xC004F012.,Hardware Issue,high
517,My printer stopped working when I tried to use WiFi. Error displayed: ERR42.,Account/Access Issue,medium
518,CRM Portal keeps crashing on my router. Code TIMEOUT-22.,Hardware Issue,critical
519,VPN keeps crashing on my server. Code AUTH-007.,Software Bug,medium
520,I can't log into Database from my desktop. It returns ERR42.,Software Bug,medium
521,I can't log into VPN from my mobile. It returns 0x80070005.,Service Request,high
522,My printer stopped working when I tried to use Teams. Error displayed: 0x80070005.,Other,high
523,I can't log into Outlook from my tablet. It returns NET-503.,Network Problem,critical
524,I can't log into Teams from my router. It returns AUTH-007.,Security,medium
525,Teams fails to load on my tablet showing AUTH-007.,Other,medium
526,"I am unable to access Email on my router, it shows error AUTH-007.",Software Bug,medium
527,Database keeps crashing on my server. Code 0x80070005.,Software Bug,high
528,Zoom keeps crashing on my router. Code TIMEOUT-22.,Security,critical
529,CRM Portal fails to load on my router showing 0xC004F012.,Security,high
530,Active Directory keeps crashing on my tablet. Code AUTH-007.,Service Request,medium
531,"I am unable to access Zoom on my server, it shows error 0xC004F012.",Service Request,high
532,"I am unable to access Database on my router, it shows error ERR42.",Account/Access Issue,low
533,"I am unable to access Outlook on my laptop, it shows error 0x80070005.",Account/Access Issue,high
534,There is a problem with Outlook on the tablet. Error: TIMEOUT-22.,Network Problem,critical
535,Database fails to load on my mobile showing FAIL-101.,Software Bug,high
536,There is a problem with Teams on the server. Error: 0x80070005.,Hardware Issue,high
537,I can't log into WiFi from my desktop. It returns AUTH-007.,Network Problem,medium
538,"I am unable to access Outlook on my printer, it shows error TIMEOUT-22.",Other,critical
539,My desktop stopped working when I tried to use Active Directory. Error displayed: TIMEOUT-22.,Hardware Issue,critical
540,I can't log into WiFi from my server. It returns TIMEOUT-22.,Other,critical
541,My server stopped working when I tried to use Database. Error displayed: NET-503.,Network Problem,critical
542,There is a problem with Outlook on the tablet. Error: AUTH-007.,Security,medium
543,There is a problem with Active Directory on the mobile. Error: 0x80070005.,Security,high
544,I can't log into Database from my printer. It returns FAIL-101.,Network Problem,high
545,CRM Portal fails to load on my server showing 0x80070005.,Security,high
546,Salesforce keeps crashing on my tablet. Code 0x80070005.,Account/Access Issue,high
547,I can't log into Zoom from my server. It returns ERR42.,Hardware Issue,low
548,There is a problem with Teams on the router. Error: FAIL-101.,Other,high
549,There is a problem with Email on the desktop. Error: FAIL-101.,Software Bug,high
550,There is a problem with Database on the printer. Error: AUTH-007.,Software Bug,medium
551,VPN fails to load on my server showing 0x80070005.,Security,high
552,"I am unable to access Active Directory on my router, it shows error 0xC004F012.",Account/Access Issue,high
553,"I am unable to access Teams on my desktop, it shows error 0xC004F012.",Security,high
554,There is a problem with Active Directory on the desktop. Error: ERR42.,Service Request,high
555,Salesforce fails to load on my printer showing 0xC004F012.,Hardware Issue,high
556,My laptop stopped working when I tried to use VPN. Error displayed: TIMEOUT-22.,Service Request,critical
557,I can't log into Zoom from my desktop. It returns TIMEOUT-22.,Network Problem,critical
558,CRM Portal keeps crashing on my tablet. Code TIMEOUT-22.,Account/Access Issue,critical
559,"I am unable to access Active Directory on my router, it shows error TIMEOUT-22.",Hardware Issue,critical
560,Active Directory fails to load on my server showing FAIL-101.,Service Request,high
561,"I am unable to access WiFi on my laptop, it shows error 0x80070005.",Service Request,high
562,My router stopped working when I tried to use Outlook. Error displayed: AUTH-007.,Account/Access Issue,medium
563,WiFi keeps crashing on my laptop. Code 0x80070005.,Network Problem,high
564,My tablet stopped working when I tried to use Database. Error displayed: 0x80070005.,Account/Access Issue,high
565,There is a problem with Zoom on the mobile. Error: TIMEOUT-22.,Account/Access Issue,critical
566,There is a problem with CRM Portal on the desktop. Error: ERR-9999.,Service Request,medium
567,There is a problem with Email on the server. Error: TIMEOUT-22.,Hardware Issue,critical
568,There is a problem with VPN on the mobile. Error: 0x80070005.,Security,high
569,There is a problem with Teams on the printer. Error: TIMEOUT-22.,Network Problem,critical
570,VPN keeps crashing on my desktop. Code TIMEOUT-22.,Network Problem,critical
571,CRM Portal fails to load on my mobile showing TIMEOUT-22.,Security,critical
572,CRM Portal keeps crashing on my tablet. Code TIMEOUT-22.,Network Problem,critical
573,VPN keeps crashing on my router. Code AUTH-007.,Network Problem,medium
574,Salesforce keeps crashing on my router. Code FAIL-101.,Account/Access Issue,high
575,Zoom fails to load on my laptop showing ERR-9999.,Network Problem,medium
576,There is a problem with Active Directory on the server. Error: FAIL-101.,Hardware Issue,high
577,I can't log into VPN from my printer. It returns ERR-9999.,Other,high
578,There is a problem with WiFi on the laptop. Error: 0x80070005.,Security,high
579,There is a problem with Outlook on the server. Error: TIMEOUT-22.,Other,critical
580,WiFi fails to load on my desktop showing ERR42.,Hardware Issue,critical
581,I can't log into Database from my mobile. It returns ERR42.,Account/Access Issue,low
582,Teams keeps crashing on my desktop. Code 0x80070005.,Service Request,high
583,I can't log into CRM Portal from my mobile. It returns AUTH-007.,Software Bug,medium
584,I can't log into VPN from my printer. It returns 0xC004F012.,Service Request,high
585,WiFi keeps crashing on my laptop. Code 0x80070005.,Hardware Issue,high
586,"I am unable to access Teams on my server, it shows error TIMEOUT-22.",Hardware Issue,critical
587,I can't log into Email from my tablet. It returns ERR-9999.,Service Request,high
588,My router stopped working when I tried to use VPN. Error displayed: AUTH-007.,Hardware Issue,medium
589,I can't log into Email from my router. It returns 0xC004F012.,Software Bug,high
590,VPN fails to load on my mobile showing 0xC004F012.,Security,high
591,My server stopped working when I tried to use Outlook. Error displayed: 0x80070005.,Service Request,high
592,I can't log into Salesforce from my desktop. It returns AUTH-007.,Software Bug,medium
593,"I am unable to access CRM Portal on my printer, it shows error 0xC004F012.",Software Bug,high
594,There is a problem with Teams on the router. Error: NET-503.,Security,critical
595,My router stopped working when I tried to use Active Directory. Error displayed: 0xC004F012.,Service Request,high
596,Zoom keeps crashing on my printer. Code AUTH-007.,Security,medium
597,Active Directory fails to load on my router showing AUTH-007.,Account/Access Issue,medium
598,"I am unable to access Outlook on my router, it shows error TIMEOUT-22.",Service Request,critical
599,My printer stopped working when I tried to use CRM Portal. Error displayed: NET-503.,Network Problem,critical
600,Database keeps crashing on my router. Code 0x80070005.,Account/Access Issue,high
601,I can't log into Active Directory from my mobile. It returns TIMEOUT-22.,Network Problem,critical
602,I can't log into Teams from my server. It returns ERR-9999.,Account/Access Issue,medium
603,I can't log into Salesforce from my server. It returns 0xC004F012.,Service Request,high
604,My server stopped working when I tried to use Email. Error displayed: ERR-9999.,Service Request,low
605,"I am unable to access Outlook on my tablet, it shows error AUTH-007.",Security,medium
606,"I am unable to access WiFi on my printer, it shows error ERR42.",Hardware Issue,high
607,"I am unable to access Teams on my tablet, it shows error NET-503.",Other,critical
608,"I am unable to access Teams on my laptop, it shows error NET-503.",Account/Access Issue,critical
609,Database fails to load on my desktop showing TIMEOUT-22.,Account/Access Issue,critical
610,My server stopped working when I tried to use Teams. Error displayed: TIMEOUT-22.,Account/Access Issue,critical
611,I can't log into Teams from my router. It returns 0xC004F012.,Software Bug,high
612,VPN fails to load on my laptop showing FAIL-101.,Service Request,high
613,Email fails to load on my router showing ERR42.,Hardware Issue,high
614,There is a problem with VPN on the server. Error: 0xC004F012.,Account/Access Issue,high
615,Outlook keeps crashing on my router. Code ERR42.,Other,critical
616,I can't log into Teams from my router. It returns AUTH-007.,Other,medium
617,There is a problem with Salesforce on the mobile. Error: 0x80070005.,Other,high
618,There is a problem with WiFi on the desktop. Error: 0xC004F012.,Other,high
619,There is a problem with Email on the desktop. Error: ERR42.,Service Request,critical
620,There is a problem with Teams on the printer. Error: FAIL-101.,Network Problem,high
621,Zoom keeps crashing on my server. Code ERR42.,Security,medium
622,Email fails to load on my desktop showing ERR42.,Software Bug,low
623,Zoom fails to load on my mobile showing 0x80070005.,Other,high
624,Zoom keeps crashing on my printer. Code ERR-9999.,Software Bug,medium
625,There is a problem with Teams on the desktop. Error: 0xC004F012.,Other,high
626,VPN fails to load on my router showing 0x80070005.,Software Bug,high
627,Email fails to load on my printer showing ERR-9999.,Service Request,low
628,My printer stopped working when I tried to use Database. Error displayed: NET-503.,Service Request,critical
629,Outlook fails to load on my router showing TIMEOUT-22.,Hardware Issue,critical
630,Database fails to load on my desktop showing 0x80070005.,Account/Access Issue,high
631,There is a problem with Database on the server. Error: TIMEOUT-22.,Software Bug,critical
632,I can't log into Database from my printer. It returns AUTH-007.,Hardware Issue,medium
633,My laptop stopped working when I tried to use Salesforce. Error displayed: NET-503.,Network Problem,critical
634,CRM Portal keeps crashing on my laptop. Code NET-503.,Software Bug,critical
635,My printer stopped working when I tried to use Email. Error displayed: ERR-9999.,Account/Access Issue,critical
636,"I am unable to access Active Directory on my mobile, it shows error ERR42.",Security,medium
637,Zoom keeps crashing on my server. Code NET-503.,Hardware Issue,critical
638,WiFi fails to load on my laptop showing FAIL-101.,Security,high
639,There is a problem with Outlook on the desktop. Error: TIMEOUT-22.,Other,critical
640,My mobile stopped working when I tried to use VPN. Error displayed: TIMEOUT-22.,Other,critical
641,VPN keeps crashing on my printer. Code ERR-9999.,Hardware Issue,high
642,Salesforce fails to load on my desktop showing ERR42.,Service Request,medium
643,My printer stopped working when I tried to use WiFi. Error displayed: ERR-9999.,Software Bug,critical
644,My printer stopped working when I tried to use Active Directory. Error displayed: AUTH-007.,Service Request,medium
645,Salesforce fails to load on my server showing AUTH-007.,Other,medium
646,"I am unable to access WiFi on my server, it shows error NET-503.",Other,critical
647,I can't log into Teams from my server. It returns 0xC004F012.,Account/Access Issue,high
648,Database keeps crashing on my tablet. Code 0xC004F012.,Network Problem,high
649,"I am unable to access Email on my mobile, it shows error FAIL-101.",Network Problem,high
650,My printer stopped working when I tried to use WiFi. Error displayed: ERR-9999.,Account/Access Issue,high
651,Teams keeps crashing on my laptop. Code TIMEOUT-22.,Software Bug,critical
652,I can't log into CRM Portal from my mobile. It returns ERR42.,Other,high
653,Email fails to load on my printer showing 0xC004F012.,Network Problem,high
654,Email fails to load on my server showing 0x80070005.,Service Request,high
655,My mobile stopped working when I tried to use WiFi. Error displayed: 0x80070005.,Service Request,high
656,I can't log into Teams from my desktop. It returns AUTH-007.,Account/Access Issue,medium
657,My tablet stopped working when I tried to use Zoom. Error displayed: NET-503.,Hardware Issue,critical
658,I can't log into Email from my laptop. It returns TIMEOUT-22.,Account/Access Issue,critical
659,My tablet stopped working when I tried to use Database. Error displayed: TIMEOUT-22.,Security,critical
660,I can't log into Active Directory from my mobile. It returns ERR42.,Other,low
661,I can't log into Salesforce from my server. It returns 0x80070005.,Account/Access Issue,high
662,VPN keeps crashing on my desktop. Code ERR42.,Other,low
663,My server stopped working when I tried to use Outlook. Error displayed: ERR-9999.,Security,medium
664,I can't log into Email from my tablet. It returns TIMEOUT-22.,Security,critical
665,WiFi fails to load on my desktop showing NET-503.,Network Problem,critical
666,Outlook keeps crashing on my tablet. Code NET-503.,Account/Access Issue,critical
667,There is a problem with CRM Portal on the printer. Error: ERR42.,Software Bug,medium
668,Zoom fails to load on my server showing ERR42.,Account/Access Issue,critical
669,My laptop stopped working when I tried to use Email. Error displayed: ERR-9999.,Service Request,low
670,My tablet stopped working when I tried to use Email. Error displayed: AUTH-007.,Network Problem,medium
671,There is a problem with VPN on the mobile. Error: 0x80070005.,Other,high
672,"I am unable to access Active Directory on my router, it shows error FAIL-101.",Network Problem,high
673,There is a problem with Salesforce on the printer. Error: 0x80070005.,Network Problem,high
674,There is a problem with VPN on the printer. Error: FAIL-101.,Security,high
675,Email keeps crashing on my tablet. Code ERR42.,Account/Access Issue,medium
676,VPN keeps crashing on my mobile. Code NET-503.,Network Problem,critical
677,Salesforce fails to load on my desktop showing 0x80070005.,Software Bug,high
678,My laptop stopped working when I tried to use Database. Error displayed: FAIL-101.,Other,high
679,My server stopped working when I tried to use Database. Error displayed: ERR42.,Security,critical
680,My server stopped working when I tried to use Database. Error displayed: TIMEOUT-22.,Service Request,critical
681,There is a problem with VPN on the desktop. Error: AUTH-007.,Other,medium
682,Teams keeps crashing on my tablet. Code 0x80070005.,Service Request,high
683,WiFi keeps crashing on my printer. Code NET-503.,Security,critical
684,Active Directory fails to load on my router showing AUTH-007.,Account/Access Issue,medium
685,Salesforce fails to load on my mobile showing FAIL-101.,Account/Access Issue,high
686,There is a problem with CRM Portal on the server. Error: FAIL-101.,Service Request,high
687,There is a problem with Outlook on the printer. Error: ERR42.,Software Bug,low
688,Database keeps crashing on my mobile. Code TIMEOUT-22.,Hardware Issue,critical
689,My mobile stopped working when I tried to use Teams. Error displayed: FAIL-101.,Account/Access Issue,high
690,I can't log into CRM Portal from my tablet. It returns 0xC004F012.,Security,high
691,Zoom keeps crashing on my desktop. Code ERR42.,Service Request,high
692,"I am unable to access Teams on my desktop, it shows error FAIL-101.",Security,high
693,I can't log into Teams from my tablet. It returns NET-503.,Security,critical
694,Email keeps crashing on my server. Code 0x80070005.,Account/Access Issue,high
695,There is a problem with Database on the desktop. Error: NET-503.,Hardware Issue,critical
696,CRM Portal fails to load on my router showing FAIL-101.,Software Bug,high
697,Outlook keeps crashing on my mobile. Code TIMEOUT-22.,Hardware Issue,critical
698,Email fails to load on my printer showing NET-503.,Account/Access Issue,critical
699,I can't log into Zoom from my router. It returns ERR42.,Account/Access Issue,high
700,My server stopped working when I tried to use CRM Portal. Error displayed: ERR42.,Service Request,critical
701,Database fails to load on my laptop showing ERR-9999.,Other,low
702,CRM Portal keeps crashing on my router. Code ERR-9999.,Software Bug,low
703,Email fails to load on my laptop showing ERR42.,Network Problem,medium
704,There is a problem with WiFi on the desktop. Error: ERR42.,Security,low
705,My router stopped working when I tried to use Outlook. Error displayed: NET-503.,Network Problem,critical
706,Outlook fails to load on my tablet showing TIMEOUT-22.,Other,critical
707,My laptop stopped working when I tried to use Email. Error displayed: AUTH-007.,Service Request,medium
708,Database keeps crashing on my router. Code FAIL-101.,Service Request,high
709,Teams keeps crashing on my mobile. Code AUTH-007.,Other,medium
710,My desktop stopped working when I tried to use Teams. Error displayed: 0x80070005.,Service Request,high
711,There is a problem with Salesforce on the laptop. Error: FAIL-101.,Security,high
712,My router stopped working when I tried to use CRM Portal. Error displayed: 0xC004F012.,Software Bug,high
713,Active Directory fails to load on my printer showing AUTH-007.,Security,medium
714,I can't log into Outlook from my printer. It returns AUTH-007.,Software Bug,medium
715,There is a problem with WiFi on the desktop. Error: AUTH-007.,Hardware Issue,medium
716,I can't log into Outlook from my laptop. It returns NET-503.,Other,critical
717,"I am unable to access Zoom on my printer, it shows error ERR-9999.",Network Problem,high
718,Teams keeps crashing on my desktop. Code AUTH-007.,Network Problem,medium
719,VPN fails to load on my mobile showing NET-503.,Account/Access Issue,critical
720,My mobile stopped working when I tried to use Email. Error displayed: AUTH-007.,Hardware Issue,medium
721,There is a problem with Active Directory on the desktop. Error: FAIL-101.,Software Bug,high
722,There is a problem with CRM Portal on the laptop. Error: AUTH-007.,Security,medium
723,There is a problem with CRM Portal on the router. Error: NET-503.,Software Bug,critical
724,There is a problem with WiFi on the printer. Error: NET-503.,Other,critical
725,I can't log into CRM Portal from my mobile. It returns ERR42.,Hardware Issue,low
726,My mobile stopped working when I tried to use Zoom. Error displayed: NET-503.,Software Bug,critical
727,Teams fails to load on my router showing ERR42.,Network Problem,critical
728,There is a problem with Database on the tablet. Error: ERR-9999.,Hardware Issue,critical
729,"I am unable to access Outlook on my printer, it shows error NET-503.",Network Problem,critical
730,I can't log into Email from my server. It returns FAIL-101.,Software Bug,high
731,There is a problem with Database on the printer. Error: NET-503.,Security,critical
732,Active Directory keeps crashing on my desktop. Code TIMEOUT-22.,Service Request,critical
733,VPN keeps crashing on my mobile. Code ERR-9999.,Account/Access Issue,low
734,My server stopped working when I tried to use Salesforce. Error displayed: FAIL-101.,Network Problem,high
735,VPN fails to load on my laptop showing ERR-9999.,Network Problem,low
736,I can't log into Email from my mobile. It returns 0xC004F012.,Hardware Issue,high
737,I can't log into WiFi from my tablet. It returns AUTH-007.,Software Bug,medium
738,I can't log into Active Directory from my laptop. It returns FAIL-101.,Service Request,high
739,I can't log into WiFi from my printer. It returns 0x80070005.,Hardware Issue,high
740,Teams fails to load on my router showing NET-503.,Software Bug,critical
741,There is a problem with Database on the server. Error: ERR-9999.,Service Request,high
742,Teams keeps crashing on my desktop. Code FAIL-101.,Other,high
743,"I am unable to access VPN on my printer, it shows error FAIL-101.",Other,high
744,There is a problem with Database on the server. Error: FAIL-101.,Security,high
745,"I am unable to access Active Directory on my router, it shows error NET-503.",Other,critical
746,VPN fails to load on my tablet showing TIMEOUT-22.,Account/Access Issue,critical
747,Database keeps crashing on my router. Code AUTH-007.,Network Problem,medium
748,"I am unable to access Salesforce on my desktop, it shows error FAIL-101.",Other,high
749,I can't log into Salesforce from my mobile. It returns AUTH-007.,Security,medium
750,Active Directory keeps crashing on my desktop. Code ERR-9999.,Network Problem,high
751,There is a problem with Teams on the printer. Error: 0xC004F012.,Other,high
752,I can't log into WiFi from my router. It returns FAIL-101.,Account/Access Issue,high
753,VPN fails to load on my laptop showing TIMEOUT-22.,Account/Access Issue,critical
754,Active Directory fails to load on my printer showing FAIL-101.,Hardware Issue,high
755,VPN keeps crashing on my server. Code ERR-9999.,Hardware Issue,medium
756,"I am unable to access Email on my mobile, it shows error FAIL-101.",Account/Access Issue,high
757,Zoom keeps crashing on my laptop. Code 0x80070005.,Other,high
758,There is a problem with Email on the mobile. Error: AUTH-007.,Service Request,medium
759,Database keeps crashing on my desktop. Code 0xC004F012.,Service Request,high
760,I can't log into Email from my router. It returns AUTH-007.,Software Bug,medium
761,CRM Portal fails to load on my mobile showing 0x80070005.,Security,high
762,There is a problem with Zoom on the mobile. Error: ERR42.,Hardware Issue,medium
763,My printer stopped working when I tried to use Salesforce. Error displayed: 0xC004F012.,Account/Access Issue,high
764,Outlook keeps crashing on my laptop. Code 0x80070005.,Network Problem,high
765,Database fails to load on my router showing 0xC004F012.,Service Request,high
766,I can't log into Database from my printer. It returns ERR-9999.,Software Bug,critical
767,I can't log into Teams from my mobile. It returns ERR42.,Other,high
768,CRM Portal fails to load on my router showing TIMEOUT-22.,Service Request,critical
769,There is a problem with Outlook on the laptop. Error: FAIL-101.,Service Request,high
770,I can't log into Active Directory from my printer. It returns ERR-9999.,Service Request,high
771,There is a problem with Salesforce on the printer. Error: ERR-9999.,Other,low
772,"I am unable to access CRM Portal on my server, it shows error FAIL-101.",Security,high
773,There is a problem with Database on the tablet. Error: TIMEOUT-22.,Service Request,critical
774,I can't log into Active Directory from my printer. It returns ERR-9999.,Account/Access Issue,critical
775,"I am unable to access Outlook on my desktop, it shows error ERR42.",Network Problem,critical
776,I can't log into CRM Portal from my laptop. It returns FAIL-101.,Security,high
777,VPN fails to load on my tablet showing 0x80070005.,Security,high
778,Active Directory keeps crashing on my laptop. Code ERR-9999.,Service Request,medium
779,WiFi fails to load on my desktop showing ERR-9999.,Security,high
780,WiFi fails to load on my laptop showing 0x80070005.,Account/Access Issue,high
781,"I am unable to access VPN on my server, it shows error 0x80070005.",Software Bug,high
782,CRM Portal fails to load on my desktop showing 0xC004F012.,Security,high
783,Email fails to load on my printer showing ERR42.,Other,medium
784,Zoom keeps crashing on my server. Code TIMEOUT-22.,Software Bug,critical
785,"I am unable to access Active Directory on my tablet, it shows error TIMEOUT-22.",Service Request,critical
786,"I am unable to access Active Directory on my tablet, it shows error 0x80070005.",Security,high
787,My router stopped working when I tried to use Email. Error displayed: ERR42.,Network Problem,high
788,Salesforce fails to load on my desktop showing AUTH-007.,Account/Access Issue,medium
789,My router stopped working when I tried to use Salesforce. Error displayed: NET-503.,Other,critical
790,I can't log into Database from my server. It returns ERR42.,Software Bug,low
791,I can't log into Email from my server. It returns ERR42.,Software Bug,medium
792,VPN keeps crashing on my laptop. Code ERR42.,Account/Access Issue,low
793,Database fails to load on my printer showing ERR-9999.,Other,critical
794,Teams fails to load on my laptop showing AUTH-007.,Account/Access Issue,medium
795,There is a problem with Zoom on the tablet. Error: NET-503.,Security,critical
796,WiFi fails to load on my laptop showing ERR42.,Software Bug,low
797,"I am unable to access Salesforce on my laptop, it shows error NET-503.",Hardware Issue,critical
798,VPN keeps crashing on my server. Code TIMEOUT-22.,Security,critical
799,I can't log into CRM Portal from my desktop. It returns FAIL-101.,Hardware Issue,high
800,"I am unable to access Zoom on my server, it shows error FAIL-101.",Service Request,high
801,There is a problem with Outlook on the tablet. Error: 0x80070005.,Account/Access Issue,high
802,My tablet stopped working when I tried to use Salesforce. Error displayed: 0xC004F012.,Hardware Issue,high
803,VPN fails to load on my printer showing 0x80070005.,Hardware Issue,high
804,Salesforce keeps crashing on my tablet. Code TIMEOUT-22.,Service Request,critical
805,Active Directory keeps crashing on my router. Code FAIL-101.,Service Request,high
806,There is a problem with Salesforce on the server. Error: FAIL-101.,Network Problem,high
807,My router stopped working when I tried to use Active Directory. Error displayed: 0x80070005.,Other,high
808,My router stopped working when I tried to use Salesforce. Error displayed: 0x80070005.,Service Request,high
809,"I am unable to access Outlook on my router, it shows error 0x80070005.",Account/Access Issue,high
810,"I am unable to access Outlook on my laptop, it shows error AUTH-007.",Software Bug,medium
811,Salesforce keeps crashing on my router. Code ERR42.,Security,critical
812,My server stopped working when I tried to use Zoom. Error displayed: ERR42.,Network Problem,low
813,There is a problem with Zoom on the tablet. Error: ERR-9999.,Other,medium
814,My tablet stopped working when I tried to use VPN. Error displayed: AUTH-007.,Hardware Issue,medium
815,"I am unable to access Outlook on my server, it shows error AUTH-007.",Hardware Issue,medium
816,WiFi keeps crashing on my tablet. Code 0xC004F012.,Network Problem,high
817,There is a problem with Active Directory on the server. Error: FAIL-101.,Network Problem,high
818,My tablet stopped working when I tried to use Salesforce. Error displayed: 0x80070005.,Service Request,high
819,"I am unable to access Teams on my printer, it shows error FAIL-101.",Other,high
820,Teams keeps crashing on my server. Code AUTH-007.,Security,medium
821,VPN keeps crashing on my tablet. Code TIMEOUT-22.,Software Bug,critical
822,I can't log into Salesforce from my router. It returns ERR42.,Network Problem,critical
823,My tablet stopped working when I tried to use VPN. Error displayed: ERR42.,Network Problem,critical
824,There is a problem with WiFi on the desktop. Error: ERR-9999.,Security,medium
825,My desktop stopped working when I tried to use Outlook. Error displayed: AUTH-007.,Hardware Issue,medium
826,My server stopped working when I tried to use VPN. Error displayed: TIMEOUT-22.,Account/Access Issue,critical
827,"I am unable to access Email on my router, it shows error 0x80070005.",Software Bug,high
828,My laptop stopped working when I tried to use Active Directory. Error displayed: 0xC004F012.,Software Bug,high
829,Salesforce keeps crashing on my desktop. Code FAIL-101.,Network Problem,high
830,I can't log into Outlook from my tablet. It returns ERR42.,Network Problem,medium
831,"I am unable to access Outlook on my tablet, it shows error AUTH-007.",Software Bug,medium
832,"I am unable to access Zoom on my router, it shows error 0xC004F012.",Security,high
833,Active Directory keeps crashing on my printer. Code FAIL-101.,Security,high
834,I can't log into Email from my printer. It returns NET-503.,Software Bug,critical
835,Database keeps crashing on my laptop. Code FAIL-101.,Software Bug,high
836,"I am unable to access VPN on my router, it shows error AUTH-007.",Account/Access Issue,medium
837,WiFi fails to load on my server showing TIMEOUT-22.,Account/Access Issue,critical
838,Zoom keeps crashing on my router. Code ERR-9999.,Network Problem,medium
839,"I am unable to access Zoom on my server, it shows error 0xC004F012.",Software Bug,high
840,There is a problem with Salesforce on the desktop. Error: AUTH-007.,Security,medium
841,I can't log into Email from my desktop. It returns AUTH-007.,Security,medium
842,I can't log into Database from my desktop. It returns 0x80070005.,Security,high
843,"I am unable to access Teams on my laptop, it shows error FAIL-101.",Security,high
844,My laptop stopped working when I tried to use Active Directory. Error displayed: ERR42.,Service Request,medium
845,I can't log into VPN from my server. It returns 0x80070005.,Account/Access Issue,high
846,"I am unable to access Salesforce on my laptop, it shows error 0xC004F012.",Other,high
847,My server stopped working when I tried to use Email. Error displayed: AUTH-007.,Network Problem,medium
848,My mobile stopped working when I tried to use Active Directory. Error displayed: AUTH-007.,Security,medium
849,Email keeps crashing on my mobile. Code AUTH-007.,Network Problem,medium
850,My server stopped working when I tried to use Outlook. Error displayed: 0x80070005.,Hardware Issue,high
851,I can't log into Outlook from my mobile. It returns TIMEOUT-22.,Account/Access Issue,critical
852,I can't log into Active Directory from my server. It returns ERR42.,Other,medium
853,CRM Portal fails to load on my router showing TIMEOUT-22.,Account/Access Issue,critical
854,Salesforce keeps crashing on my desktop. Code FAIL-101.,Network Problem,high
855,My mobile stopped working when I tried to use Database. Error displayed: TIMEOUT-22.,Account/Access Issue,critical
856,WiFi keeps crashing on my server. Code FAIL-101.,Hardware Issue,high
857,There is a problem with VPN on the tablet. Error: NET-503.,Other,critical
858,There is a problem with Database on the tablet. Error: FAIL-101.,Service Request,high
859,There is a problem with CRM Portal on the router. Error: ERR-9999.,Security,low
860,I can't log into Database from my laptop. It returns AUTH-007.,Network Problem,medium
861,There is a problem with Teams on the router. Error: ERR-9999.,Account/Access Issue,low
862,My desktop stopped working when I tried to use Active Directory. Error displayed: ERR42.,Service Request,low
863,Outlook keeps crashing on my mobile. Code ERR42.,Account/Access Issue,medium
864,My printer stopped working when I tried to use Teams. Error displayed: ERR-9999.,Hardware Issue,low
865,Active Directory fails to load on my server showing NET-503.,Hardware Issue,critical
866,There is a problem with WiFi on the tablet. Error: ERR-9999.,Hardware Issue,critical
867,There is a problem with Salesforce on the printer. Error: 0x80070005.,Software Bug,high
868,CRM Portal keeps crashing on my desktop. Code AUTH-007.,Software Bug,medium
869,My tablet stopped working when I tried to use Zoom. Error displayed: TIMEOUT-22.,Account/Access Issue,critical
870,WiFi fails to load on my laptop showing 0x80070005.,Software Bug,high
871,There is a problem with Zoom on the desktop. Error: 0x80070005.,Software Bug,high
872,My laptop stopped working when I tried to use Database. Error displayed: 0x80070005.,Software Bug,high
873,My server stopped working when I tried to use Database. Error displayed: AUTH-007.,Hardware Issue,medium
874,I can't log into Active Directory from my tablet. It returns 0xC004F012.,Service Request,high
875,Teams keeps crashing on my mobile. Code TIMEOUT-22.,Software Bug,critical
876,CRM Portal fails to load on my mobile showing ERR42.,Security,high
877,"I am unable to access WiFi on my printer, it shows error AUTH-007.",Account/Access Issue,medium
878,Teams fails to load on my mobile showing FAIL-101.,Network Problem,high
879,Zoom keeps crashing on my server. Code NET-503.,Account/Access Issue,critical
880,Database fails to load on my laptop showing FAIL-101.,Service Request,high
881,Database keeps crashing on my printer. Code AUTH-007.,Account/Access Issue,medium
882,"I am unable to access Teams on my printer, it shows error AUTH-007.",Account/Access Issue,medium
883,There is a problem with Outlook on the tablet. Error: 0x80070005.,Service Request,high
884,I can't log into WiFi from my desktop. It returns ERR-9999.,Hardware Issue,high
885,"I am unable to access WiFi on my printer, it shows error TIMEOUT-22.",Network Problem,critical
886,My server stopped working when I tried to use Salesforce. Error displayed: FAIL-101.,Service Request,high
887,Teams keeps crashing on my tablet. Code 0xC004F012.,Software Bug,high
888,My mobile stopped working when I tried to use Active Directory. Error displayed: NET-503.,Hardware Issue,critical
889,I can't log into Active Directory from my tablet. It returns AUTH-007.,Service Request,medium
890,VPN fails to load on my laptop showing ERR-9999.,Service Request,high
891,Zoom keeps crashing on my printer. Code ERR42.,Network Problem,low
892,"I am unable to access WiFi on my printer, it shows error FAIL-101.",Network Problem,high
893,My server stopped working when I tried to use WiFi. Error displayed: ERR-9999.,Software Bug,medium
894,There is a problem with Active Directory on the desktop. Error: NET-503.,Hardware Issue,critical
895,There is a problem with Zoom on the desktop. Error: NET-503.,Account/Access Issue,critical
896,There is a problem with WiFi on the server. Error: NET-503.,Account/Access Issue,critical
897,My laptop stopped working when I tried to use Active Directory. Error displayed: 0x80070005.,Hardware Issue,high
898,There is a problem with VPN on the laptop. Error: AUTH-007.,Account/Access Issue,medium
899,There is a problem with Teams on the laptop. Error: ERR-9999.,Hardware Issue,medium
900,There is a problem with CRM Portal on the mobile. Error: FAIL-101.,Hardware Issue,high
901,"I am unable to access Active Directory on my tablet, it shows error 0xC004F012.",Service Request,high
902,My desktop stopped working when I tried to use Teams. Error displayed: AUTH-007.,Hardware Issue,medium
903,There is a problem with Email on the desktop. Error: ERR-9999.,Security,low
904,My router stopped working when I tried to use Teams. Error displayed: ERR42.,Network Problem,medium
905,My desktop stopped working when I tried to use Email. Error displayed: AUTH-007.,Other,medium
906,My server stopped working when I tried to use WiFi. Error displayed: NET-503.,Hardware Issue,critical
907,There is a problem with VPN on the printer. Error: NET-503.,Software Bug,critical
908,There is a problem with Database on the router. Error: 0x80070005.,Service Request,high
909,There is a problem with Database on the server. Error: 0x80070005.,Other,high
910,WiFi fails to load on my server showing ERR42.,Account/Access Issue,critical
911,There is a problem with Email on the tablet. Error: 0x80070005.,Account/Access Issue,high
912,There is a problem with Active Directory on the router. Error: AUTH-007.,Network Problem,medium
913,There is a problem with Salesforce on the tablet. Error: AUTH-007.,Security,medium
914,There is a problem with WiFi on the tablet. Error: 0x80070005.,Account/Access Issue,high
915,Active Directory keeps crashing on my printer. Code FAIL-101.,Other,high
916,"I am unable to access WiFi on my server, it shows error ERR-9999.",Network Problem,high
917,I can't log into Teams from my tablet. It returns NET-503.,Hardware Issue,critical
918,I can't log into Salesforce from my tablet. It returns 0x80070005.,Network Problem,high
919,My mobile stopped working when I tried to use WiFi. Error displayed: 0x80070005.,Account/Access Issue,high
920,Database keeps crashing on my server. Code FAIL-101.,Hardware Issue,high
921,Outlook fails to load on my printer showing AUTH-007.,Account/Access Issue,medium
922,I can't log into Teams from my mobile. It returns NET-503.,Account/Access Issue,critical
923,Database keeps crashing on my mobile. Code 0x80070005.,Hardware Issue,high
924,There is a problem with Email on the laptop. Error: AUTH-007.,Other,medium
925,My laptop stopped working when I tried to use Active Directory. Error displayed: AUTH-007.,Security,medium
926,My mobile stopped working when I tried to use Teams. Error displayed: AUTH-007.,Network Problem,medium
927,There is a problem with Email on the router. Error: AUTH-007.,Security,medium
928,There is a problem with VPN on the desktop. Error: AUTH-007.,Software Bug,medium
929,WiFi keeps crashing on my desktop. Code ERR42.,Service Request,critical
930,There is a problem with Outlook on the tablet. Error: FAIL-101.,Software Bug,high
931,VPN fails to load on my mobile showing 0xC004F012.,Other,high
932,I can't log into WiFi from my server. It returns ERR-9999.,Network Problem,medium
933,Database keeps crashing on my mobile. Code TIMEOUT-22.,Hardware Issue,critical
934,Email fails to load on my tablet showing AUTH-007.,Account/Access Issue,medium
935,There is a problem with VPN on the tablet. Error: 0xC004F012.,Other,high
936,Outlook fails to load on my mobile showing 0x80070005.,Other,high
937,"I am unable to access Outlook on my mobile, it shows error AUTH-007.",Other,medium
938,My printer stopped working when I tried to use Zoom. Error displayed: NET-503.,Service Request,critical
939,I can't log into WiFi from my laptop. It returns AUTH-007.,Service Request,medium
940,"I am unable to access VPN on my router, it shows error ERR-9999.",Network Problem,critical
941,There is a problem with CRM Portal on the desktop. Error: ERR42.,Other,critical
942,"I am unable to access WiFi on my router, it shows error TIMEOUT-22.",Service Request,critical
943,I can't log into Active Directory from my tablet. It returns 0x80070005.,Other,high
944,My mobile stopped working when I tried to use Email. Error displayed: 0xC004F012.,Other,high
945,Email keeps crashing on my printer. Code AUTH-007.,Hardware Issue,medium
946,VPN keeps crashing on my laptop. Code ERR42.,Security,medium
947,My desktop stopped working when I tried to use WiFi. Error displayed: ERR-9999.,Service Request,low
948,"I am unable to access CRM Portal on my desktop, it shows error ERR-9999.",Service Request,high
949,WiFi keeps crashing on my mobile. Code FAIL-101.,Software Bug,high
950,I can't log into Outlook from my printer. It returns NET-503.,Network Problem,critical
951,Active Directory keeps crashing on my laptop. Code TIMEOUT-22.,Security,critical
952,My laptop stopped working when I tried to use Outlook. Error displayed: NET-503.,Software Bug,critical
953,There is a problem with Email on the laptop. Error: 0xC004F012.,Account/Access Issue,high
954,There is a problem with Outlook on the tablet. Error: ERR-9999.,Security,critical
955,There is a problem with Zoom on the desktop. Error: 0x80070005.,Account/Access Issue,high
956,My tablet stopped working when I tried to use VPN. Error displayed: ERR-9999.,Software Bug,medium
957,My desktop stopped working when I tried to use Database. Error displayed: ERR-9999.,Software Bug,medium
958,"I am unable to access WiFi on my mobile, it shows error TIMEOUT-22.",Service Request,critical
959,There is a problem with Teams on the router. Error: NET-503.,Service Request,critical
960,WiFi keeps crashing on my server. Code AUTH-007.,Software Bug,medium
961,My router stopped working when I tried to use Zoom. Error displayed: NET-503.,Network Problem,critical
962,Active Directory fails to load on my mobile showing FAIL-101.,Software Bug,high
963,Salesforce fails to load on my printer showing 0x80070005.,Network Problem,high
964,Active Directory keeps crashing on my desktop. Code FAIL-101.,Service Request,high
965,I can't log into Database from my server. It returns AUTH-007.,Network Problem,medium
966,My router stopped working when I tried to use Database. Error displayed: TIMEOUT-22.,Account/Access Issue,critical
967,"I am unable to access Active Directory on my mobile, it shows error 0xC004F012.",Hardware Issue,high
968,Active Directory keeps crashing on my mobile. Code ERR42.,Service Request,high
969,"I am unable to access Email on my laptop, it shows error AUTH-007.",Software Bug,medium
970,Teams fails to load on my laptop showing 0x80070005.,Other,high
971,There is a problem with WiFi on the router. Error: TIMEOUT-22.,Security,critical
972,"I am unable to access Teams on my mobile, it shows error TIMEOUT-22.",Other,critical
973,"I am unable to access Active Directory on my desktop, it shows error TIMEOUT-22.",Hardware Issue,critical
974,"I am unable to access Database on my router, it shows error TIMEOUT-22.",Hardware Issue,critical
975,CRM Portal keeps crashing on my desktop. Code NET-503.,Service Request,critical
976,My printer stopped working when I tried to use Outlook. Error displayed: NET-503.,Software Bug,critical
977,My printer stopped working when I tried to use CRM Portal. Error displayed: ERR42.,Software Bug,medium
978,There is a problem with Salesforce on the tablet. Error: FAIL-101.,Security,high
979,There is a problem with Database on the mobile. Error: 0x80070005.,Hardware Issue,high
980,I can't log into CRM Portal from my router. It returns FAIL-101.,Hardware Issue,high
981,My laptop stopped working when I tried to use CRM Portal. Error displayed: 0xC004F012.,Hardware Issue,high
982,VPN fails to load on my desktop showing ERR42.,Security,medium
983,"I am unable to access VPN on my mobile, it shows error TIMEOUT-22.",Security,critical
984,Database keeps crashing on my desktop. Code AUTH-007.,Security,medium
985,Active Directory fails to load on my server showing 0x80070005.,Security,high
986,Teams fails to load on my printer showing NET-503.,Other,critical
987,I can't log into Email from my mobile. It returns ERR-9999.,Hardware Issue,critical
988,Zoom keeps crashing on my desktop. Code 0x80070005.,Hardware Issue,high
989,Active Directory fails to load on my desktop showing TIMEOUT-22.,Network Problem,critical
990,My router stopped working when I tried to use Outlook. Error displayed: ERR42.,Service Request,high
991,My laptop stopped working when I tried to use WiFi. Error displayed: 0xC004F012.,Network Problem,high
992,I can't log into Salesforce from my printer. It returns FAIL-101.,Security,high
993,"I am unable to access WiFi on my desktop, it shows error AUTH-007.",Account/Access Issue,medium
994,CRM Portal fails to load on my tablet showing NET-503.,Software Bug,critical
995,I can't log into Teams from my router. It returns 0xC004F012.,Network Problem,high
996,There is a problem with WiFi on the printer. Error: ERR-9999.,Account/Access Issue,critical
997,"I am unable to access WiFi on my mobile, it shows error 0xC004F012.",Service Request,high
998,Database fails to load on my printer showing 0xC004F012.,Security,high
999,Outlook keeps crashing on my mobile. Code 0xC004F012.,Network Problem,high
1000,Teams keeps crashing on my tablet. Code FAIL-101.,Account/Access Issue,high
